,name,houseID,titleID,isAlive
0,Viserys II Targaryen,0,0,0
1,Tommen Baratheon,0,0,1
2,Viserys I Targaryen,0,0,0
3,Will (orphan),0,0,1
4,Will (squire),0,0,1
5,Willam,0,0,1
6,Willow Witch-eye,0,0,0
7,Woth,0,0,0
8,Wyl the Whittler,0,0,1
9,Wun Weg Wun Dar Wun,0,0,1
10,Xhondo,0,0,1
11,Yorko Terys,0,0,1
12,Ysilla,0,0,1
13,Zei,0,0,1
14,Joffrey Baratheon,0,0,0
15,Maegor I Targaryen,0,0,0
16,Quence,0,0,1
17,Quhuru Mo,0,0,1
18,Quill,0,0,1
19,Qyle,0,0,0
20,Rafe,0,0,1
21,Rainbow Knight,0,0,1
22,Randa,0,0,1
23,Red Oarsman,0,0,1
24,Reysen,0,0,1
25,Robb Stark,0,0,0
26,Robin,0,0,1
27,Rodrik Freeborn,0,0,1
28,Roger of Pennytree,0,0,0
29,Roggo,0,0,1
30,Rolfe,0,0,1
31,Roone,0,0,1
32,Rosey,0,0,1
33,Rowan,0,0,0
34,Ryk,0,0,1
35,S'vrone,0,0,1
36,Saathos,0,0,1
37,Scarb,0,0,1
38,Sedgekins,0,0,1
39,Serra,0,0,1
40,Sharna,0,0,1
41,Shella,0,0,1
42,Sky Blue Su,0,0,1
43,Skyte,0,0,1
44,Sloey,0,0,1
45,Squirrel,0,0,0
46,Stannis Baratheon,0,0,1
47,Stone Thumbs,0,0,0
48,Stonehand,0,0,1
49,Sybassion,0,0,1
50,Tagganaro,0,0,1
51,Talea,0,0,1
52,Tansy (orphan),0,0,1
53,Tarber,0,0,1
54,Terro,0,0,1
55,Thistle,0,0,0
56,Theon Stark,0,0,1
57,Toefinger,0,0,1
58,Todric,0,0,0
59,Toregg,0,0,1
60,Torrhen Stark,0,0,1
61,Tregar Ormollen,0,0,1
62,Tristifer V Mudd,0,0,1
63,Tristifer IV Mudd,0,0,0
64,Tuffleberry,0,0,1
65,Urreg,0,0,1
66,Urrathon,0,0,1
67,Urron Greyiron,0,0,1
68,Veiled Lady,0,0,1
69,Violet,0,0,1
70,Wat (orphan),0,0,1
71,Wat (sailor),0,0,1
72,Weasel,0,0,1
73,Wendello Qar Deeth,0,0,1
74,Tobho Mott,0,0,1
75,Aegon I Targaryen,0,0,0
76,Aegon II Targaryen,0,0,0
77,Aegon IV Targaryen,0,0,0
78,Aegon III Targaryen,0,0,0
79,Aenys I Targaryen,0,0,0
80,Aerys I Targaryen,0,0,0
81,Alaric of Eysen,0,0,1
82,Aerys II Targaryen,0,0,0
83,Alia,0,0,1
84,All-for-Joffrey,0,0,0
85,Allaquo,0,0,1
86,Alyce,0,0,1
87,Ambrode,0,0,1
88,Armen,0,0,1
89,Arrec Durrandon,0,0,1
90,Arson,0,0,1
91,Ayrmidon,0,0,1
92,Beldecar,0,0,1
93,Bellonara Otherys,0,0,1
94,Bella,0,0,1
95,Ben,0,0,1
96,Benjen Stark (Bitter),0,0,1
97,Benjen Stark (Sweet),0,0,1
98,Beqqo,0,0,1
99,Bessa,0,0,1
100,Bessa (Winterfell),0,0,1
101,Bethany (Blushing Bethany),0,0,1
102,Bethany Fair-Fingers,0,0,1
103,Big Boil,0,0,1
104,Blind Doss,0,0,1
105,Bodger,0,0,1
106,Borroq,0,0,1
107,Boy,0,0,1
108,Brandon Stark (Burner),0,0,1
109,Brandon Stark (Shipwright),0,0,1
110,Brea,0,0,1
111,Briar,0,0,1
112,Brogg,0,0,1
113,Brusco,0,0,1
114,Bryan of Oldtown,0,0,1
115,Bump,0,0,1
116,Buu,0,0,1
117,Byan Votyris,0,0,1
118,Canker Jeyne,0,0,1
119,Cass,0,0,1
120,Chiggen,0,0,0
121,Collio Quaynis,0,0,1
122,Cossomo,0,0,1
123,Cutjack,0,0,1
124,Daeron I Targaryen,0,0,0
125,Daeron II Targaryen,0,0,0
126,Dan,0,0,1
127,Daughter of the Dusk,0,0,1
128,Del,0,0,0
129,Denyo Terys,0,0,1
130,Dobber,0,0,0
131,Dorren Stark,0,0,1
132,Dryn,0,0,1
133,Durran,0,0,1
134,Dyah,0,0,1
135,Eldiss,0,0,1
136,Emma,0,0,1
137,Endehar,0,0,1
138,Errok,0,0,1
139,Esgred,0,0,1
140,Euron Greyjoy,0,0,1
141,Fern,0,0,1
142,Ferny,0,0,1
143,Ferret,0,0,1
144,Fralegg,0,0,1
145,Frenya,0,0,0
146,Frynne,0,0,1
147,Galyeon of Cuy,0,0,1
148,Garth XII Gardener,0,0,1
149,Gavin,0,0,1
150,Gerren,0,0,1
151,Green Gergen,0,0,1
152,Great Walrus,0,0,1
153,Grey King,0,0,1
154,Griffin King,0,0,1
155,Grigg,0,0,1
156,Grisella,0,0,1
157,Gyleno Dothare,0,0,1
158,Gyloro Dothare,0,0,1
159,Gyles III Gardener,0,0,1
160,Haggon,0,0,1
161,Hali,0,0,0
162,Hamish the Harper,0,0,0
163,Harghaz,0,0,0
164,Harle the Handsome,0,0,1
165,Harle the Huntsman,0,0,1
166,Harrag Hoare,0,0,1
167,Harren Half-Hoare,0,0,1
168,Harsley,0,0,0
169,Harwyn Hoare,0,0,1
170,Helly,0,0,1
171,Henk,0,0,1
172,Hibald,0,0,1
173,Hod,0,0,1
174,Husband,0,0,1
175,Ironbelly,0,0,1
176,Jaehaerys II Targaryen,0,0,0
177,Jaehaerys I Targaryen,0,0,0
178,Jate,0,0,0
179,Jeyne Waters,0,0,0
180,Jon Pox,0,0,1
181,Joss,0,0,1
182,Joss the Gloom,0,0,1
183,Joth Quickbow,0,0,1
184,Jyzene,0,0,1
185,Kemmett Pyke,0,0,1
186,Kenned,0,0,0
187,Kojja Mo,0,0,1
188,Koss,0,0,0
189,Kurz,0,0,0
190,Kyleg,0,0,1
191,Lancel V Lannister,0,0,1
192,Lanna,0,0,1
193,Larraq,0,0,1
194,Layna,0,0,1
195,Lennocks,0,0,1
196,Lenn,0,0,1
197,Lenyl,0,0,1
198,Lister,0,0,1
199,Lorcas,0,0,1
200,Lorren,0,0,0
201,Lotho Lornel,0,0,1
202,Luco Prestayn,0,0,1
203,Maerie (Whore),0,0,0
204,Maggy,0,0,1
205,Maris,0,0,1
206,Mathos Mallarawan,0,0,1
207,Matt,0,0,1
208,Mebble,0,0,1
209,Meha,0,0,1
210,Meizo Mahr,0,0,1
211,Meliana,0,0,1
212,Merling Queen,0,0,1
213,Mollander,0,0,1
214,Moonshadow,0,0,1
215,Moreo Tumitis,0,0,1
216,Mother Mole,0,0,1
217,Mudge (miller),0,0,1
218,Murch,0,0,1
219,Myrtle,0,0,0
220,Narbo,0,0,1
221,Ned (ferryman),0,0,1
222,Nella,0,0,1
223,Nissa Nissa,0,0,1
224,Nightingale,0,0,1
225,Old Crackbones,0,0,1
226,Orbelo,0,0,1
227,Orell,0,0,0
228,Oro Tendyris,0,0,1
229,Otter Gimpknee,0,0,1
230,Ottomore,0,0,1
231,Owen (brother of Meribald),0,0,1
232,Pate (Old),0,0,1
233,Pate (Mory),0,0,1
234,Pate (Lancewood),0,0,1
235,Pate (Pinchbottom),0,0,0
236,Pate (Shermer's Grove),0,0,1
237,Penny Jenny,0,0,1
238,Poetess,0,0,1
239,Praed,0,0,0
240,Pudding,0,0,1
241,Qarl the Thrall,0,0,1
242,Qarl Quickaxe,0,0,1
243,Quaro,0,0,0
244,Dormund,0,0,0
245,Eroeh,0,0,0
246,Jarl,0,0,0
247,Craster,0,0,0
248,Munda,0,0,1
249,Ragwyle,0,0,1
250,Tion Frey,0,0,0
251,Torwynd,0,0,0
252,Dalla,0,0,0
253,Ghost of High Heart,0,0,1
254,Gilly,0,0,1
255,Harren Hoare,0,0,0
256,Mag Mar Tun Doh Weg,0,0,0
257,Marillion,0,0,0
258,Masha Heddle,0,0,0
259,Monster,0,0,1
260,Aegon V Targaryen,0,0,0
261,Alfyn,0,0,0
262,Azor Ahai,0,0,1
263,Balon Greyjoy,0,0,0
264,Baelor I Targaryen,0,0,0
265,Bellegere Otherys,0,0,1
266,Hazzea,0,0,0
267,Hizdahr zo Loraq,0,0,1
268,Harma,0,0,0
269,Hot Pie,0,0,1
270,Holly,0,0,0
271,Mance Rayder,0,0,1
272,Varamyr,0,0,0
273,Steely Pate,0,0,1
274,Tysha,0,0,1
275,Shae,0,0,0
276,Spotted Cat,0,0,1
277,Khorane Sathmantes,0,0,1
278,Qarl the Maid,0,0,1
279,Quaithe,0,0,1
280,Tanselle,0,0,1
281,Val,0,0,1
282,Alysanne Targaryen,0,0,0
283,Mycah,0,0,0
284,Symon Silver Tongue,0,0,0
285,Symeon Star-Eyes,0,0,1
286,Wilbert,0,1,0
287,Willum,0,1,1
288,Redtusk,0,1,1
289,Timon,0,1,1
290,Tumco Lho,0,1,1
291,Uthor Underleaf,0,1,0
292,Addam,0,1,1
293,Arneld,0,1,1
294,Byren Flowers,0,1,1
295,Dudley,0,1,1
296,Galladon of Morne,0,1,1
297,Galtry the Green,0,1,1
298,Gareth the Grey,0,1,1
299,Glendon Flowers,0,1,0
300,Illifer,0,1,1
301,Jon Waters,0,1,0
302,Kirby Pimm,0,1,1
303,Kyle,0,1,1
304,Lucantine Woodwright,0,1,1
305,Malcolm,0,1,1
306,Mallor (Knight),0,1,1
307,Maynard,0,1,1
308,Ormond (knight),0,1,0
309,Portifer Woodwright,0,1,1
310,Creighton Longbough,0,1,1
311,Arlan of Pennytree,0,1,0
312,Willifer,0,3,1
313,Zarabelo,0,3,1
314,Rigney,0,3,1
315,Ryam,0,3,1
316,Vaellyn,0,3,1
317,Agrivane,0,3,1
318,Benedict,0,3,1
319,Castos,0,3,1
320,Cetheres,0,3,1
321,Gallard,0,3,1
322,Garizon,0,3,1
323,Guyne,0,3,1
324,Harodon,0,3,1
325,Mollos,0,3,1
326,Norren,0,3,1
327,Nymos,0,3,1
328,Ocley,0,3,1
329,Ebrose,0,3,1
330,Marwyn,0,3,1
331,Yormwell,0,2,1
332,Roone (maester),0,2,1
333,Tothmure,0,2,0
334,Turquin,0,2,1
335,Walys Flowers,0,2,0
336,Denestan,0,2,1
337,Erreck,0,2,1
338,Gulian,0,2,1
339,Helliweg,0,2,1
340,Hunnimore,0,2,1
341,Jon Vance,0,2,1
342,Joseran,0,2,1
343,Jurne,0,2,1
344,Kym,0,2,1
345,Lothar,0,2,1
346,Melaquin,0,2,1
347,Medwick Tyrell,0,2,1
348,Normund Tyrell,0,2,1
349,Frenken,0,2,1
350,Melwys Rivers,0,2,1
351,Omer Florent,0,2,1
352,Willamen Frey,0,2,1
353,Cressen,0,2,0
354,Murenmure,0,2,1
355,Pylos,0,2,1
356,Kedry,0,2,0
357,Lomys,0,2,1
358,Vyman,0,2,1
359,Zekko,0,15,1
360,Bharbo,0,15,1
361,Jommo,0,15,1
362,Moro,0,15,1
363,Ogo,0,15,0
364,Drogo,0,15,0
365,Temmo,0,15,1
366,Ghael,0,4,1
367,Rawney,0,38,1
368,Clement,0,38,1
369,Gillam,0,38,1
370,Genna Lannister,0,8,1
371,Daeryssa,0,7,1
372,Elia Martell,0,7,0
373,Donyse,0,9,1
374,Melicent,0,9,1
375,Nysterica,0,9,1
376,Runciter,0,14,0
377,Aethelmure,0,14,1
378,Malleon,0,14,1
379,Mellos,0,14,1
380,Kaeth,0,14,0
381,Orwyle,0,14,1
382,Barre,0,5,1
383,Bennet,0,5,1
384,Lucos,0,5,1
385,Chayle,0,5,0
386,Sherrit,0,57,1
387,Erreg,0,57,1
388,Theobald,0,46,1
389,Mago,0,16,1
390,Qotho,0,16,0
391,Haggo,0,16,0
392,Beck,0,170,1
393,Dhazzar,0,13,1
394,Draqaz,0,13,1
395,Miklaz,0,13,1
396,Ezzara,0,192,1
397,Fogo,0,56,0
398,Rhogoro,0,56,1
399,Grazdan,0,51,0
400,Maerie (Goodwife),0,59,1
401,Nolla,0,59,1
402,Narbert,0,194,1
403,Qos,0,77,1
404,Ferrego Antaryon,0,123,1
405,Gendel,0,21,1
406,Gorne,0,21,1
407,Joramun,0,21,1
408,Raymun Redbeard,0,21,0
409,Bael the Bard,0,21,1
410,Hugor of the Hill,0,248,1
411,Moredo Prestayn,0,143,1
412,Mysaria,0,92,1
413,Ordello,0,102,0
414,Pono,0,55,1
415,Jhaqo,0,55,1
416,Qarro Volentin,0,163,1
417,Roro Uhoris,0,202,1
418,Rugen,0,140,1
419,Sylas Flatnose,0,249,1
420,Ternesio Terys,0,195,1
421,Cleon,0,246,0
422,Beric Dondarrion,0,155,0
423,Lady of the Leaves,0,255,1
424,Mirri Maz Duur,0,167,0
425,Varys,0,111,1
426,Tormund,0,117,1
427,Will,1,0,0
428,Young Henly,1,0,0
429,Rast,1,0,0
430,Redwyn,1,0,1
431,Rudge,1,0,1
432,Rusty Flowers,1,0,1
433,Ryles,1,0,0
434,Sawwood,1,0,1
435,Spare Boot,1,0,1
436,Softfoot,1,0,0
437,Spotted Pate of Maidenpool,1,0,0
438,Tim Stone,1,0,1
439,Tumberjon,1,0,1
440,Wallen,1,0,0
441,Watt,1,0,0
442,Samwell Tarly,1,0,1
443,Aethan,1,0,1
444,Arron,1,0,1
445,Bannen,1,0,0
446,Bass,1,0,1
447,Bearded Ben,1,0,1
448,Blane,1,0,1
449,Borcas,1,0,1
450,Brown Bernarr,1,0,0
451,Dick Follard,1,0,0
452,Donnel Hill,1,0,1
453,Dornish Dilly,1,0,0
454,Easy,1,0,0
455,Emrick,1,0,1
456,Fornio,1,0,1
457,Garth of Oldtown,1,0,0
458,Goady,1,0,1
459,Hareth (Mole's Town),1,0,1
460,Hop-Robin,1,0,1
461,Kegs,1,0,1
462,Ketter,1,0,1
463,Luke of Longtown,1,0,1
464,Lync,1,0,1
465,Maslyn,1,0,0
466,Mully,1,0,1
467,Old Tattersalt,1,0,1
468,Old Henly,1,0,0
469,Othor,1,0,0
470,Owen,1,0,1
471,Pate (Night's Watch),1,0,1
472,Albett,1,0,1
473,Bedwyck,1,0,1
474,Black Bernarr,1,0,1
475,Clubfoot Karl,1,0,0
476,Conwy,1,0,1
477,Cuger,1,0,1
478,Dalbridge,1,0,0
479,Dareon,1,0,0
480,Dirk,1,0,0
481,Ebben,1,0,0
482,Elron,1,0,1
483,Garth of Greenaway,1,0,0
484,Garth Greyfeather,1,0,0
485,Grubbs,1,0,0
486,Gueren,1,0,1
487,Hairy Hal,1,0,0
488,Hake,1,0,0
489,Halder,1,0,1
490,Jeren,1,0,1
491,Kedge Whiteye,1,0,1
492,Lark,1,0,0
493,Left Hand Lew,1,0,1
494,Matthar,1,0,1
495,Mawney,1,0,0
496,Muttering Bill,1,0,0
497,Ollo Lophand,1,0,0
498,Orphan Oss,1,0,0
499,Red Alyn of the Rosewood,1,0,0
500,Tim Tangletongue,1,0,1
501,Todder,1,0,1
502,Chett,1,0,0
503,Qhorin Halfhand,1,0,0
504,Small Paul,1,0,0
505,Rat Cook,1,0,1
506,Dywen,1,0,1
507,Gared,1,0,0
508,Grenn,1,0,1
509,Hobb,1,0,1
510,Pypar,1,0,1
511,Yoren,1,0,0
512,Clydas,1,0,1
513,Stonesnake,1,0,1
514,Satin,1,0,1
515,Jafer Flowers,1,0,0
516,Stiv,1,0,0
517,Arnell,1,1,1
518,Byam Flint,1,1,0
519,Mallador Locke,1,1,0
520,Harmune,1,2,1
521,Mullin,1,2,1
522,Jorquen,1,5,1
523,Cellador,1,5,1
524,Marq Rankenfell,1,10,1
525,Robin Hill,1,10,1
526,Jaremy Rykker,1,28,0
527,Thoren Smallwood,1,28,0
528,Leathers,1,93,1
529,Cotter Pyke,1,158,1
530,Janos Slynt,1,35,0
531,Bowen Marsh,1,212,1
532,Will (Standfast),9,0,1
533,Will (Treb),9,0,1
534,Rob,9,0,1
535,Sam Stoops,9,0,1
536,Wat (Barleycorn),9,0,1
537,Wat (Standfast),9,0,1
538,Wat (Wet),9,0,1
539,Addam Osgrey,9,0,0
540,Alysanne Osgrey,9,0,0
541,Dake,9,0,1
542,Squinty Jeyne,9,0,1
543,Lem (Standfast),9,0,0
544,Mudge (swineherd),9,0,1
545,Pate (Standfast),9,0,0
546,Wilbert Osgrey,9,1,1
547,Bennis,9,1,1
548,Edwyn Osgrey,9,1,0
549,Harrold Osgrey,9,1,1
550,Ormond Osgrey,9,31,1
551,Perwyn Osgrey,9,31,1
552,Eustace Osgrey,9,22,1
553,Will Humble,191,0,1
554,Quellon Humble,191,0,1
555,Willit,38,0,1
556,Jocelyn Swyft,38,0,1
557,Joanna Swyft,38,0,1
558,Shierle Swyft,38,0,1
559,Addison Hill,38,1,1
560,Humfrey Swyft,38,1,1
561,Steffon Swyft,38,1,1
562,Harys Swyft,38,22,1
563,Willow Heddle,49,0,1
564,Jeyne Heddle,49,0,1
565,Melly,49,0,1
566,Likely Luke,49,0,1
567,Beardless Dick,49,0,1
568,Meg,49,0,1
569,Wolmer,54,0,1
570,Jorgen,54,0,1
571,Wendell Webber,54,1,1
572,Cerrick,54,2,1
573,Reynard Webber,54,215,1
574,Rohanne Webber,54,31,0
575,Wulfe,6,0,1
576,Quenton Greyjoy,6,0,1
577,Ragnor Pyke,6,0,1
578,Red Rolfe,6,0,0
579,Robin Greyjoy,6,0,1
580,Rymolf,6,0,1
581,Sigrin,6,0,1
582,Squint,6,0,0
583,Sylas,6,0,0
584,Tymor,6,0,1
585,Ulf the Ill,6,0,0
586,Uller,6,0,1
587,Urzen,6,0,1
588,Urrigon Greyjoy,6,0,1
589,Werlag,6,0,1
590,Aggar,6,0,0
591,Cadwyl,6,0,1
592,Donel Greyjoy,6,0,1
593,Drennan,6,0,0
594,Gelmarr,6,0,0
595,Gynir,6,0,0
596,Harlon Greyjoy,6,0,1
597,Helya,6,0,1
598,Kromm,6,0,0
599,Cragorn,6,0,0
600,Bluetooth,6,0,1
601,Maron Greyjoy,6,0,0
602,Stygg,6,0,1
603,Rodrik Greyjoy,6,0,0
604,Qalen,6,2,1
605,Wendamyr,6,2,1
606,Quellon Greyjoy,6,156,0
607,Dagon Greyjoy,6,50,1
608,Vickon Greyjoy,6,50,0
609,Dagmer,6,164,1
610,Nute,6,227,1
611,Aeron Greyjoy,6,168,1
612,Alannys Harlaw,6,241,1
613,Asha Greyjoy,6,189,1
614,Theon Greyjoy,6,109,1
615,Victarion Greyjoy,6,236,1
616,Wyl (guard),3,0,0
617,Rodrik Stark (son of Beron),3,0,1
618,Shyra,3,0,1
619,Skittrick,3,0,1
620,TomToo,3,0,1
621,Turnip,3,0,1
622,Varly,3,0,0
623,Wayn (guard),3,0,1
624,Alebelly,3,0,0
625,Bandy,3,0,1
626,Barth (brewer),3,0,1
627,Calon,3,0,1
628,Donnis,3,0,1
629,Gage,3,0,1
630,Gariss,3,0,1
631,Hayhead,3,0,1
632,Heward,3,0,0
633,Joseth,3,0,1
634,Lew (guard),3,0,1
635,Murch (Winterfell),3,0,1
636,Nan,3,0,1
637,Palla,3,0,1
638,Porther,3,0,1
639,Poxy Tym,3,0,0
640,Artos Stark,3,0,1
641,Cayn,3,0,0
642,Desmond,3,0,0
643,Jacks,3,0,1
644,Kyra,3,0,0
645,Quent,3,0,1
646,Tomard,3,0,0
647,Hodor,3,0,1
648,Lyanna Stark,3,0,0
649,Osha,3,0,1
650,Alyn,3,0,0
651,Farlen,3,0,0
652,Harwin,3,0,1
653,Mikken,3,0,0
654,Syrio Forel,3,0,0
655,Brandon Stark,3,0,0
656,Luwin,3,0,0
657,Arya Stark,3,7,1
658,Sansa Stark,3,7,1
659,Mordane,3,9,0
660,Brandon Stark (Bad),3,11,1
661,Edderion Stark,3,11,1
662,Edrick Stark,3,11,1
663,Edwyn Stark,3,11,1
664,Eyron Stark,3,11,1
665,Jonos Stark,3,11,1
666,Jorah Stark,3,11,1
667,Rodrik Stark,3,11,1
668,Walton Stark,3,11,1
669,Brandon Stark (the daughterless),3,6,1
670,Brandon Stark (son of Cregan),3,6,1
671,Barthogan Stark,3,6,1
672,Beron Stark,3,6,1
673,Cregan Stark,3,6,0
674,Donnor Stark,3,6,1
675,Edwyle Stark,3,6,1
676,Hullen,3,6,0
677,Jonnel Stark,3,6,1
678,Rodwell Stark,3,6,1
679,Willam Stark,3,6,0
680,Eddard Stark,3,6,0
681,Rickard Stark,3,6,0
682,Jon Snow,3,10,1
683,Benjen Stark,3,28,1
684,Karlon Stark,3,243,1
685,Bran Stark,3,81,1
686,Bran the Builder,3,247,1
687,Rickon Stark,3,82,1
688,Wyl Waynwood,30,0,0
689,Jasper Waynwood,30,0,1
690,Carolei Waynwood,30,0,1
691,Marsella Waynwood,30,0,1
692,Elys Waynwood,30,1,1
693,Donnel Waynwood,30,1,1
694,Morton Waynwood,30,1,1
695,Wallace Waynwood,30,1,1
696,Anya Waynwood,30,242,1
697,Wylla,48,0,1
698,Allyria Dayne,48,0,1
699,Ashara Dayne,48,0,0
700,Ulrick Dayne,48,1,1
701,Arthur Dayne,48,1,0
702,Edric Dayne,48,230,1
703,Wynafryd Manderly,43,0,1
704,Wylla Manderly,43,0,1
705,Marlon Manderly,43,1,1
706,Wylis Manderly,43,1,1
707,Wendel Manderly,43,1,0
708,Donella Hornwood,43,53,0
709,Wyman Manderly,43,232,1
710,Ygon Farwynd,81,0,1
711,Yohn Farwynd,81,0,1
712,Gyles Farwynd,81,0,1
713,Gylbert Farwynd,81,259,1
714,Yna,88,0,1
715,Sailor's Wife,88,0,1
716,Lanna (Happy Port),88,0,1
717,Meralyn,88,0,1
718,Yorkel,4,0,1
719,Symon Stripeback,4,0,1
720,Tal Toraq,4,0,1
721,Wate,4,0,1
722,Aegon Targaryen (son of Rhaegar),4,0,0
723,Haldon,4,0,1
724,Aggo,4,0,1
725,Mushroom,4,0,1
726,Jhiqui,4,0,1
727,Missandei,4,0,1
728,Belwas,4,0,1
729,Doreah,4,0,0
730,Irri,4,0,1
731,Shiera Seastar,4,0,0
732,Rhaego,4,0,0
733,Yandry,4,0,1
734,Red Lamb,4,1,1
735,Daeron Targaryen (son of Viserys I),4,1,0
736,Brynden Rivers,4,1,0
737,Rolly Duckfield,4,1,1
738,Rhaenys Targaryen,4,34,0
739,Helaena Targaryen,4,34,0
740,Valarr Targaryen,4,24,0
741,Naerys Targaryen,4,33,0
742,Jaehaera Targaryen,4,33,0
743,Rhaegel Targaryen,4,19,0
744,Baelor Targaryen (son of Daeron II),4,19,0
745,Daeron Targaryen (son of Maekar I),4,19,0
746,Duncan Targaryen,4,19,0
747,Rhaegar Targaryen,4,19,0
748,Rhaena Targaryen (daughter of Daemon),4,8,0
749,Baela Targaryen,4,8,0
750,Rhaena Targaryen (daughter of Aegon III),4,112,0
751,Rhaenys Targaryen (daughter of Rhaegar),4,7,0
752,Rhaenys Targaryen (daughter of Aemon),4,7,0
753,Daella Targaryen (daughter of Maekar I),4,7,0
754,Daenerys Targaryen (daughter of Aegon IV),4,7,0
755,Daena Targaryen,4,7,0
756,Elaena Targaryen,4,7,0
757,Saera Targaryen,4,7,0
758,Rhae Targaryen,4,7,0
759,Rhaelle Targaryen,4,7,1
760,Jhogo,4,16,1
761,Rakharo,4,16,1
762,Aegon Targaryen (son of Baelon),4,12,1
763,Aegon Targaryen (son of Jaehaerys I),4,12,0
764,Aegon Targaryen (son of Aenys I),4,12,0
765,Baelon Targaryen (son of Viserys I),4,12,0
766,Jaehaerys Targaryen (son of Aegon II),4,12,0
767,Matarys Targaryen,4,12,0
768,Aerion Targaryen,4,12,0
769,Maelor Targaryen,4,12,0
770,Baelon Targaryen (son of Aerys),4,218,1
771,Daella Targaryen (daughter of Jaehaerys I),4,17,0
772,Aemond Targaryen,4,138,0
773,Daemon Targaryen,4,204,0
774,Daenerys Targaryen,4,73,1
775,Groleo,4,79,0
776,Illyrio Mopatis,4,101,1
777,Rhaella Targaryen,4,137,0
778,Visenya Targaryen,4,144,0
779,Viserys Targaryen,4,94,0
780,Zharaq zo Loraq,44,0,1
781,Hazrak zo Loraq,44,0,1
782,Marghaz zo Loraq,44,0,1
783,Mazdhan zo Loraq,44,0,1
784,Khrazz,44,0,0
785,Steelskin,44,0,1
786,Bhakaz zo Loraq,44,13,1
787,Wenda,78,0,1
788,Oswyn,78,0,1
789,Ulmer,78,0,1
790,Smiling Knight,78,0,1
791,Wex Pyke,17,0,1
792,Quellon Botley,17,0,1
793,Sargon Botley,17,0,1
794,Symond Botley,17,0,1
795,Vickon Botley,17,0,1
796,Balon Botley,17,0,1
797,Bennarion Botley,17,0,1
798,Harlon Botley,17,0,1
799,Harren Botley,17,0,0
800,Lucimore Botley,17,0,1
801,Maron Botley,17,0,1
802,Sawane Botley,17,43,0
803,Tristifer Botley,17,43,1
804,Quickfinger,70,0,1
805,Aegon Blackfyre,70,0,0
806,Aemon Blackfyre,70,0,0
807,Daemon I Blackfyre,70,1,0
808,Daemon II Blackfyre,70,73,0
809,Quort,347,0,0
810,Racallio Ryndoon,176,0,1
811,Craghas Drahar,176,0,0
812,Raymund Tyrell,7,0,1
813,Rickard Tyrell,7,0,1
814,Blue Bard,7,0,1
815,Arryk (guard),7,0,1
816,Erryk (guard),7,0,1
817,Leona Tyrell,7,0,1
818,Lorent Tyrell,7,0,1
819,Lucas Tyrell,7,0,1
820,Luthor Tyrell (son of Theodore),7,0,1
821,Lyonel Tyrell (son of Leo),7,0,1
822,Olene Tyrell,7,0,1
823,Alla Tyrell,7,0,1
824,Elinor Tyrell,7,0,1
825,Garrett Flowers,7,0,1
826,Garse Flowers,7,0,1
827,Janna Tyrell,7,0,1
828,Megga Tyrell,7,0,1
829,Mina Tyrell,7,0,1
830,Moryn Tyrell,7,0,1
831,Butterbumps,7,0,1
832,Willas Tyrell,7,0,1
833,Victaria Tyrell,7,0,1
834,Quentin Tyrell,7,1,1
835,Victor Tyrell,7,1,1
836,Leo Tyrell (son of Victor),7,1,1
837,Luthor Tyrell (son of Moryn),7,1,1
838,Olymer Tyrell,7,1,1
839,Theodore Tyrell,7,1,1
840,Loras Tyrell,7,1,1
841,Margaery Tyrell,7,130,1
842,Leo Tyrell (Longthorn),7,39,1
843,Lyonel Tyrell (lord),7,39,0
844,Luthor Tyrell,7,39,1
845,Garth Tyrell,7,235,1
846,Harlen Tyrell,7,237,0
847,Mace Tyrell,7,29,1
848,Rhialta Vance,89,0,1
849,Emphyria Vance,89,0,1
850,Liane Vance,89,0,1
851,Karyl Vance,89,1,1
852,Rhonda Rowan,147,0,1
853,Mathis Rowan,147,72,1
854,Robert Brax (son of Flement),33,0,1
855,Jon Brax,33,0,1
856,Walder Brax,33,0,1
857,Flement Brax,33,1,1
858,Robert Brax,33,1,0
859,Rupert Brax,33,1,0
860,Tytos Brax,33,1,1
861,Andros Brax,33,240,0
862,Robert Frey (son of Raymund),2,0,1
863,Tywin Frey (son of Raymund),2,0,1
864,Walda Frey (daughter of Lothar),2,0,1
865,Walda Frey (daughter of Edwyn),2,0,1
866,Walda Frey (daughter of Rhaegar),2,0,1
867,Walda Frey (daughter of Walton),2,0,1
868,Walda Frey (daughter of Merrett),2,0,1
869,Walda Rivers (daughter of Aemon),2,0,1
870,Walder Frey (son of Jammos),2,0,1
871,Walder Frey (son of Ryman),2,0,1
872,Walder Frey (son of Merrett),2,0,0
873,Aegon Frey (son of Aenys),2,0,1
874,Aegon Frey (son of Stevron),2,0,0
875,Jaime Frey,2,0,1
876,Leana Frey,2,0,1
877,Alesander Frey,2,0,1
878,Alyn Frey,2,0,1
879,Alys Frey,2,0,1
880,Alyx Frey,2,0,1
881,Androw Frey,2,0,1
882,Arwyn Frey,2,0,1
883,Betharios of Braavos,2,0,1
884,Bradamar Frey,2,0,1
885,Bryan Frey,2,0,1
886,Cersei Frey,2,0,1
887,Colmar Frey,2,0,1
888,Cynthea Frey,2,0,1
889,Della Frey,2,0,1
890,Dickon Frey,2,0,1
891,Elmar Frey,2,0,1
892,Emberlei Frey,2,0,1
893,Hoster Frey,2,0,1
894,Jeyne Rivers,2,0,1
895,Jonos Frey,2,0,1
896,Jyanna Frey,2,0,1
897,Kyra Frey,2,0,1
898,Lythene Frey,2,0,1
899,Maegelle Frey,2,0,1
900,Malwyn Frey,2,0,1
901,Marissa Frey,2,0,1
902,Martyn Rivers,2,0,1
903,Mathis Frey,2,0,1
904,Mellara Rivers,2,0,1
905,Merianne Frey,2,0,1
906,Olyvar Frey,2,0,1
907,Osmund Frey,2,0,1
908,Perra Frey,2,0,1
909,Robert Frey,2,0,1
910,Ronel Rivers,2,0,1
911,Ryger Rivers,2,0,1
912,Ryella Frey,2,0,1
913,Sandor Frey,2,0,1
914,Sarra Frey,2,0,1
915,Serra Frey,2,0,1
916,Shirei Frey,2,0,1
917,Steffon Frey,2,0,1
918,Symond Frey,2,0,0
919,Tyta Frey,2,0,1
920,Tysane Frey,2,0,1
921,Walda Rivers,2,0,1
922,Walton Frey,2,0,1
923,Waltyr Frey,2,0,1
924,Wendel Frey,2,0,1
925,Willem Frey,2,0,1
926,Zachery Frey,2,0,1
927,Zia Frey,2,0,1
928,Edwyn Frey,2,0,1
929,Merrett Frey,2,0,0
930,Petyr Frey,2,0,0
931,Rhaegar Frey,2,0,0
932,Roslin Frey,2,0,1
933,Walder Frey,2,233,1
934,Theo Frey,2,1,1
935,Addam Frey,2,1,1
936,Aemon Rivers,2,1,1
937,Arwood Frey,2,1,1
938,Benfrey Frey,2,1,0
939,Danwell Frey,2,1,1
940,Franklyn Frey,2,1,1
941,Jammos Frey,2,1,1
942,Cleos Frey,2,1,0
943,Hosteen Frey,2,1,1
944,Pate of the Blue Fork,2,1,0
945,Perwyn Frey,2,1,1
946,Raymund Frey,2,1,1
947,Tytos Frey,2,1,0
948,Tywin Frey,2,1,1
949,Whalen Frey,2,1,1
950,Aenys Frey,2,1,0
951,Jared Frey,2,1,0
952,Stevron Frey,2,1,0
953,Ryman Frey,2,1,0
954,Walder Rivers,2,1,1
955,Brenett,2,2,1
956,Morya Frey,2,8,1
957,Amerei Frey,2,253,1
958,Lothar Frey,2,142,1
959,Robin Hollard,63,0,1
960,Steffon Hollard,63,1,1
961,Jon Hollard,63,1,1
962,Dontos Hollard,63,1,0
963,Symon Hollard,63,1,1
964,Roger Ryswell,58,0,1
965,Roose Ryswell,58,0,1
966,Rickard Ryswell,58,0,1
967,Mark Ryswell,58,1,0
968,Rodrik Ryswell,58,134,1
969,Barbrey Dustin,58,66,1
970,Rolder,5,0,1
971,Shortear,5,0,1
972,Tregar,5,0,0
973,Damon Lannister (son of Jason),5,0,1
974,Dorcas,5,0,1
975,Godwyn,5,0,1
976,Hoke,5,0,1
977,Jodge,5,0,1
978,Jyck,5,0,0
979,Lester,5,0,1
980,Lum,5,0,1
981,Mallor,5,0,1
982,Morrec,5,0,0
983,Puckens,5,0,1
984,Cerenna Lannister,5,0,1
985,Janei Lannister,5,0,1
986,Joy Hill,5,0,1
987,Lanna Lannister,5,0,1
988,Martyn Lannister,5,0,1
989,Myrielle Lannister,5,0,1
990,Tyrek Lannister,5,0,0
991,Willem Lannister,5,0,0
992,Lann the Clever,5,0,1
993,Gerion Lannister,5,0,0
994,Senelle,5,0,0
995,Stafford Lannister,5,1,0
996,Cadwyn,5,1,1
997,Dunaver,5,1,1
998,Lyonel (knight),5,1,1
999,Jason Lannister,5,1,0
1000,Lucion Lannister,5,1,1
1001,Tybolt Lannister,5,1,0
1002,Daven Lannister,5,1,1
1003,Jaime Lannister,5,1,1
1004,Kevan Lannister,5,1,0
1005,Tyland Lannister,5,1,0
1006,Tygett Lannister,5,1,1
1007,Tyrion Lannister,5,24,1
1008,Pycelle,5,14,0
1009,Damon Lannister (lord),5,20,0
1010,Gerold Lannister,5,20,0
1011,Joanna Lannister,5,20,0
1012,Tywin Lannister,5,20,0
1013,Tytos Lannister,5,20,0
1014,Margot Lannister,5,27,1
1015,Vylarr,5,71,1
1016,Cersei Lannister,5,258,1
1017,Damion Lannister,5,128,1
1018,Qyburn,5,110,1
1019,Rollam Westerling,24,0,1
1020,Eleyna Westerling,24,0,1
1021,Elys Westerling,24,1,1
1022,Ormond Westerling,24,1,1
1023,Harrold Westerling,24,1,0
1024,Raynald Westerling,24,1,0
1025,Jeyne Westerling,24,6,1
1026,Jeyne Westerling (wife of Maegor I),24,141,0
1027,Gawen Westerling,24,63,1
1028,Romny Weaver,234,0,1
1029,Ronald Storm,62,0,1
1030,Alyn Connington,62,1,1
1031,Ronnet Connington,62,1,1
1032,Ronald Connington,62,250,1
1033,Jon Connington,62,221,1
1034,Ronnel Stout,131,0,1
1035,Wynton Stout,131,1,1
1036,Harwood Stout,131,169,1
1037,Ronnel Harclay,332,0,1
1038,Roryn Drumm,32,0,1
1039,Dale Drumm,32,0,1
1040,Denys Drumm,32,0,1
1041,Donnel Drumm,32,0,1
1042,Gormond Drumm,32,0,1
1043,Hilmar Drumm,32,0,1
1044,Andrik,32,42,1
1045,Dunstan Drumm,32,83,1
1046,Rosamund Lannister,346,0,1
1047,Rus,77,0,1
1048,Norjen,77,0,1
1049,Old Grey Gull,77,0,1
1050,Emmond,77,0,1
1051,Tarle,77,0,1
1052,Sallor,112,0,0
1053,Daario Naharis,112,0,1
1054,Prendahl na Ghezn,112,0,0
1055,Salloreon,273,0,1
1056,Sigfry Stonetree,235,0,1
1057,Skinner,14,0,1
1058,Walton,14,0,1
1059,Sour Alyn,14,0,1
1060,Ben Bones,14,0,1
1061,Luton,14,0,0
1062,Nage,14,0,1
1063,Domeric Bolton,14,0,0
1064,Grunt,14,0,1
1065,Yellow Dick,14,0,0
1066,Damon Dance-for-Me,14,0,1
1067,Reek,14,0,0
1068,Roose Bolton,14,157,1
1069,Bethany Bolton,14,262,1
1070,Steffarion Sparr,209,0,1
1071,Talla Tarly,119,0,1
1072,Dickon Tarly,119,0,1
1073,Randyll Tarly,119,239,1
1074,Tansy,232,0,1
1075,Terrance Lynderly,139,0,1
1076,Jon Lynderly,139,95,1
1077,Thormor Ironmaker,96,0,1
1078,Urek Ironmaker,96,0,1
1079,Dagon Ironmaker,96,0,1
1080,Erik Ironmaker,96,213,1
1081,Timett (father),149,0,1
1082,Timett,149,100,1
1083,Timoth,8,0,1
1084,Belandra,8,0,1
1085,Bors,8,0,1
1086,Cedra,8,0,1
1087,Mellei,8,0,1
1088,Morra,8,0,1
1089,Mors Martell (brother of Doran),8,0,0
1090,Loreza Sand,8,0,1
1091,Nymeria Sand,8,0,1
1092,Obella Sand,8,0,1
1093,Dorea Sand,8,0,1
1094,Elia Sand,8,0,1
1095,Obara Sand,8,0,1
1096,Tyene Sand,8,0,1
1097,Sarella Sand,8,0,1
1098,Gascoyne,8,1,1
1099,Manfrey Martell,8,1,1
1100,Oberyn Martell,8,1,0
1101,Quentyn Martell,8,1,0
1102,Lewyn Martell,8,1,0
1103,Myles,8,2,1
1104,Caleotte,8,2,1
1105,Nymeria,8,33,1
1106,Arianne Martell,8,7,1
1107,Trystane Martell,8,12,1
1108,Maron Martell,8,54,1
1109,Mors Martell,8,121,1
1110,Areo Hotah,8,65,1
1111,Ricasso,8,65,1
1112,Tobbot,31,0,1
1113,Rafford,31,0,0
1114,Eggon,31,0,1
1115,Chiswyck,31,0,0
1116,Joss Stilwood,31,0,1
1117,Sandor Clegane,31,0,0
1118,Dunsen,31,0,1
1119,Gregor Clegane,31,1,0
1120,Polliver,31,197,0
1121,Torrek,25,0,1
1122,Conn,25,0,0
1123,Coratt,25,0,1
1124,Galt,25,0,1
1125,Gurn,25,0,1
1126,Holger,25,0,1
1127,Jaggot,25,0,1
1128,Dolf,25,0,1
1129,Shagga,25,0,1
1130,Tristan Ryger,145,0,1
1131,Robin Ryger,145,1,1
1132,Tybero Istarion,73,0,1
1133,Mero,73,0,0
1134,Nail,73,0,1
1135,Penny,73,0,1
1136,Ben Plumm,73,205,1
1137,Umar,130,0,1
1138,Crawn,130,0,1
1139,Ulf son of Umar,130,0,0
1140,Umfred,39,0,1
1141,Bryen,39,0,1
1142,Grisel,39,0,1
1143,Kella,39,0,1
1144,Byron,39,1,1
1145,Morgarth,39,1,1
1146,Petyr Baelish,39,45,1
1147,Umma,155,0,1
1148,Jaqen H'ghar,155,0,1
1149,Walder Frey (son of Emmon),124,0,1
1150,Lyonel Frey,124,1,1
1151,Emmon Frey,124,26,1
1152,Zollo,18,0,1
1153,Iggo,18,0,0
1154,Biter,18,0,0
1155,Shagwell,18,0,0
1156,Rorge,18,0,0
1157,Timeon,18,0,0
1158,Three Toes,18,0,1
1159,Urswyck,18,0,1
1160,Togg Joth,18,0,1
1161,Pyg,18,0,0
1162,Utt,18,5,0
1163,Vargo Hoat,18,35,0
1164,Aemon Costayne,128,0,1
1165,Tom Costayne,128,1,1
1166,Tommen Costayne,128,149,1
1167,Alequo Adarys,274,0,0
1168,Alester Oakheart,67,0,1
1169,Olyvar Oakheart,67,1,0
1170,Arys Oakheart,67,1,0
1171,Edgerran Oakheart,67,4,1
1172,Arwyn Oakheart,67,87,1
1173,Alvyn Sharp,117,0,1
1174,Harmund Sharp,117,0,1
1175,Harrag Sharp,117,0,0
1176,Alys Arryn,12,0,1
1177,Alyssa Arryn,12,0,1
1178,Becca,12,0,1
1179,Gretchel,12,0,1
1180,Maddy,12,0,1
1181,Mela,12,0,1
1182,Mord,12,0,1
1183,Denys Arryn,12,1,0
1184,Elbert Arryn,12,1,0
1185,Hugh,12,1,0
1186,Aemma Arryn,12,34,0
1187,Colemon,12,2,1
1188,Jasper Arryn,12,17,1
1189,Jeyne Arryn,12,17,0
1190,Jon Arryn,12,17,0
1191,Robert Arryn,12,17,1
1192,Alysanne Bracken,13,0,1
1193,Barbara Bracken,13,0,1
1194,Bess Bracken,13,0,1
1195,Catelyn Bracken,13,0,1
1196,Hendry Bracken,13,0,0
1197,Jayne Bracken,13,0,1
1198,Kurleket,13,0,0
1199,Mohor,13,0,0
1200,Barba Bracken,13,0,0
1201,Bethany Bracken,13,0,0
1202,Lharys,13,0,0
1203,Otho Bracken,13,1,1
1204,Aegor Rivers,13,1,0
1205,Jonos Bracken,13,126,1
1206,Alysanne Hightower,11,0,1
1207,Denyse Hightower,11,0,1
1208,Leyla Hightower,11,0,1
1209,Lynesse Hightower,11,0,1
1210,Abelar Hightower,11,1,1
1211,Baelor Hightower,11,1,1
1212,Gunthor Hightower,11,1,1
1213,Gwayne Hightower,11,1,0
1214,Gerold Hightower,11,1,0
1215,Otto Hightower,11,1,0
1216,Garth Hightower,11,1,1
1217,Alicent Hightower,11,257,0
1218,Runcel Hightower,11,10,1
1219,Quenton Hightower,11,52,1
1220,Leyton Hightower,11,52,1
1221,Alerie Hightower,11,29,1
1222,Amabel,21,0,1
1223,Ben Blackthumb,21,0,1
1224,Harra,21,0,0
1225,Lucan,21,0,0
1226,Wynafrei Whent,21,0,1
1227,Pia,21,0,1
1228,Weese,21,0,0
1229,Oswell Whent,21,1,0
1230,Sarya Whent,21,8,1
1231,Minisa Whent,21,26,1
1232,Shella Whent,21,23,0
1233,Beron Blacktyde,186,0,1
1234,Baelor Blacktyde,186,191,0
1235,Brella,16,0,1
1236,Gowen Baratheon,16,0,1
1237,Jommy,16,0,1
1238,Edric Storm,16,0,1
1239,Donal Noye,16,0,0
1240,Tya Lannister,16,0,1
1241,Barra,16,0,0
1242,Colen of Greenpools,16,1,1
1243,Harbert,16,1,1
1244,Lyonel Baratheon,16,1,0
1245,Orys Baratheon,16,68,0
1246,Steffon Baratheon,16,68,0
1247,Renly Baratheon,16,211,0
1248,Carellen Smallwood,123,0,1
1249,Myles Smallwood,123,24,1
1250,Theomar Smallwood,123,47,1
1251,Carrot,40,0,1
1252,Ossy,40,0,1
1253,Mya Stone,40,0,1
1254,Myranda Royce,40,0,1
1255,Albar Royce,40,1,1
1256,Raymar Royce,40,4,1
1257,Nestor Royce,40,245,1
1258,Cedrik Storm,293,0,1
1259,Cheyk,146,0,1
1260,Chella,146,0,1
1261,Cregan Karstark,35,0,1
1262,Arthor Karstark,35,0,1
1263,Alys Karstark,35,0,1
1264,Eddard Karstark,35,0,0
1265,Torrhen Karstark,35,0,0
1266,Arnolf Karstark,35,30,1
1267,Harrion Karstark,35,30,1
1268,Rickard Karstark,35,30,0
1269,Dacks,51,0,1
1270,Creighton Redfort,51,1,1
1271,Jasper Redfort,51,1,1
1272,Jon Redfort,51,1,1
1273,Mychel Redfort,51,1,1
1274,Horton Redfort,51,136,1
1275,Dalla (Dragonstone),28,0,1
1276,Lamprey,28,0,1
1277,Matrice,28,0,1
1278,Porridge,28,0,1
1279,Lewys the Fishwife,28,0,1
1280,Patchface,28,0,1
1281,Dermot,28,1,1
1282,Shireen Baratheon,28,7,1
1283,Salladhor Saan,28,108,1
1284,Danos Slynt,111,0,1
1285,Jothos Slynt,111,0,1
1286,Morros Slynt,111,4,1
1287,Denys Redwyne,27,0,1
1288,Desmond Redwyne,27,1,1
1289,Hobber Redwyne,27,1,1
1290,Horas Redwyne,27,1,1
1291,Ryam Redwyne,27,1,0
1292,Ballabar,27,2,1
1293,Bethany Redwyne,27,72,1
1294,Olenna Redwyne,27,29,1
1295,Paxter Redwyne,27,185,1
1296,Dickon Manwoody,92,0,1
1297,Mors Manwoody,92,0,1
1298,Myles Manwoody,92,1,1
1299,Dagos Manwoody,92,226,1
1300,Dykk Harlaw,57,0,0
1301,Gwynesse Harlaw,57,0,1
1302,Gevin Harlaw,57,0,0
1303,Theomore Harlaw,57,96,1
1304,Three-Tooth,57,133,1
1305,Rodrik Harlaw,57,178,1
1306,Egon Emeros,227,0,1
1307,Eldred Codd,181,0,1
1308,Lucas Codd,181,0,1
1309,Elyas Willum,172,0,1
1310,Josua Willum,172,0,1
1311,Elza,105,0,0
1312,Grazdan zo Galare,105,0,1
1313,Grazdar zo Galare,105,13,1
1314,Enger,19,0,1
1315,Long Lew,19,0,1
1316,Myles (squire),19,0,0
1317,Delp,19,0,0
1318,Elwood,19,0,0
1319,Brynden Tully,19,1,1
1320,Edmure Tully,19,1,1
1321,Catelyn Stark,19,6,0
1322,Edmyn Tully,19,26,1
1323,Medgar Tully,19,49,0
1324,Hoster Tully,19,49,0
1325,Lysa Arryn,19,256,0
1326,Garrett Paege,42,0,1
1327,Sallei Paege,42,0,1
1328,Sylwa Paege,42,0,1
1329,Robert Paege,42,1,1
1330,Harbert Paege,42,1,1
1331,Damon Paege,42,1,1
1332,Halmon Paege,42,1,1
1333,Gwin Goodbrother,59,0,1
1334,Gysella Goodbrother,59,0,1
1335,Greydon Goodbrother,59,0,1
1336,Gran Goodbrother,59,0,1
1337,Gormond Goodbrother,59,0,1
1338,Gorold Goodbrother,59,222,1
1339,Gyles Grafton,108,0,1
1340,Marq Grafton,108,0,0
1341,Gerold Grafton,108,177,1
1342,Helicent Uffering,195,0,0
1343,Rolland Uffering,195,1,1
1344,Henly (House Ashford),75,0,1
1345,Robert Ashford,75,1,1
1346,Androw Ashford,75,1,1
1347,Plummer,75,69,1
1348,Lord Ashford,75,69,1
1349,Jate Blackberry,194,0,1
1350,Omer Blackberry,194,0,1
1351,Jayde,74,0,1
1352,Marei,74,0,1
1353,Dancy,74,0,1
1354,Alayaya,74,0,1
1355,Chataya,74,0,1
1356,Jeffory Mallister,46,0,1
1357,Patrek Mallister,46,0,1
1358,Joseth Mallister,46,1,1
1359,Denys Mallister,46,1,1
1360,Lymond Mallister,46,60,1
1361,Jason Mallister,46,60,1
1362,Jeyne Fossoway,127,0,1
1363,Raymun Fossoway,127,1,1
1364,Jon Fossoway,127,22,1
1365,Jeyne Swann,36,0,1
1366,Johanna Swann,36,0,1
1367,Cyrenna Swann,36,0,0
1368,Manfred Swann,36,1,1
1369,Balon Swann,36,1,1
1370,Gawen Swann,36,70,0
1371,Gulian Swann,36,70,1
1372,Ravella Swann,36,47,1
1373,Jon Penny,152,0,1
1374,Corliss Penny,152,1,1
1375,Jon Umber (Smalljon),55,0,0
1376,Hother Umber,55,37,1
1377,Mors Umber,55,37,1
1378,Jon Umber (Greatjon),55,36,1
1379,Harmond Umber,55,36,1
1380,Hoarfrost Umber,55,36,1
1381,Kirth Vance,66,0,1
1382,Ellery Vance,66,1,1
1383,Hugo Vance,66,1,1
1384,Ronald Vance,66,1,1
1385,Norbert Vance,66,214,1
1386,Kyle (brotherhood),22,0,0
1387,Lem,22,0,1
1388,Mudge (brotherhood),22,0,1
1389,Puddingfoot,22,0,1
1390,Merrit,22,0,1
1391,Anguy,22,0,1
1392,Greenbeard,22,0,1
1393,Jack-Be-Lucky,22,0,1
1394,Mad Huntsman,22,0,1
1395,Watty,22,0,1
1396,Tom of Sevenstreams,22,0,1
1397,Kyle Royce,26,0,1
1398,Ryella Royce,26,0,1
1399,Ysilla Royce,26,0,1
1400,Andar Royce,26,1,1
1401,Samwell Stone,26,1,1
1402,Robar Royce,26,1,0
1403,Waymar Royce,26,1,0
1404,Rhea Royce,26,41,0
1405,Yohn Royce,26,41,1
1406,Lenwood Tawney,208,0,1
1407,Lewis Lanster,197,0,1
1408,Lewys Piper,132,0,1
1409,Marq Piper,132,1,1
1410,Clement Piper,132,78,1
1411,Lia Serry,166,0,1
1412,Osbert Serry,166,42,1
1413,Lucas Roote,318,0,0
1414,Lysa Meadows,142,0,1
1415,Elwood Meadows,142,171,1
1416,Manfred Lothston,91,0,1
1417,Manfryd Lothston,91,0,1
1418,Jeyne Lothston,91,0,0
1419,Danelle Lothston,91,23,1
1420,Merrell Florent,15,0,1
1421,Delena Florent,15,0,1
1422,Melessa Florent,15,0,1
1423,Rhea Florent,15,0,1
1424,Rylene Florent,15,0,1
1425,Colin Florent,15,1,1
1426,Erren Florent,15,1,1
1427,Ryam Florent,15,1,1
1428,Axell Florent,15,1,1
1429,Imry Florent,15,1,0
1430,Selyse Florent,15,58,1
1431,Alekyne Florent,15,67,1
1432,Alester Florent,15,67,0
1433,Ned Woods,210,0,1
1434,Perros Blackmont,109,0,1
1435,Jynessa Blackmont,109,0,1
1436,Larra Blackmont,109,190,1
1437,Poul Pemford,312,0,0
1438,Qarl Kenning,164,0,1
1439,Ralf Kenning,164,198,0
1440,Qarl Shepherd,144,0,1
1441,Daegon Shepherd,144,0,1
1442,Alester Norcross,65,0,1
1443,Renly Norcross,65,0,1
1444,Jeffory Norcross,65,1,1
1445,Bayard Norcross,65,1,1
1446,Hosman Norcross,65,1,1
1447,Allar Deem,277,0,0
1448,Alyn Ambrose,87,0,1
1449,Aubrey Ambrose,87,1,1
1450,Edmund Ambrose,87,1,1
1451,Arthur Ambrose,87,4,1
1452,Alyn Haigh,47,0,1
1453,Perriane Frey,47,0,1
1454,Walder Haigh,47,0,1
1455,Donnel Haigh,47,1,1
1456,Harys Haigh,47,1,1
1457,Leslyn Haigh,47,1,1
1458,Amarei Crakehall,23,0,0
1459,Melesa Crakehall,23,0,1
1460,Shiera Crakehall,23,0,1
1461,Roland Crakehall (Kingsguard),23,1,1
1462,Burton Crakehall,23,1,0
1463,Clarent Crakehall,23,1,0
1464,Merlon Crakehall,23,1,1
1465,Tybolt Crakehall,23,1,1
1466,Lyle Crakehall,23,1,1
1467,Sumner Crakehall,23,206,1
1468,Bellena Hawick,339,0,1
1469,Beren Tallhart,52,0,1
1470,Brandon Tallhart,52,0,1
1471,Benfred Tallhart,52,0,0
1472,Helman Tallhart,52,1,0
1473,Leobald Tallhart,52,37,0
1474,Eddara Tallhart,52,254,1
1475,Berena Hornwood,79,0,1
1476,Daryn Hornwood,79,0,0
1477,Larence Snow,79,0,1
1478,Halys Hornwood,79,53,0
1479,Beth Cassel,94,0,1
1480,Martyn Cassel,94,0,0
1481,Rodrik Cassel,94,1,0
1482,Jory Cassel,94,71,0
1483,Bryen Farring,80,0,0
1484,Gilbert Farring,80,1,1
1485,Godry Farring,80,1,1
1486,Annara Farring,80,8,1
1487,Darlessa Marbrand,118,0,1
1488,Lorent Marbrand,118,1,0
1489,Addam Marbrand,118,1,1
1490,Deana Hardyng,116,0,1
1491,Humfrey Hardyng,116,1,0
1492,Harrold Hardyng,116,1,1
1493,Eleanor Mooton,107,0,1
1494,Myles Mooton,107,1,0
1495,William Mooton,107,104,1
1496,Elyana Vypren,106,0,1
1497,Damon Vypren,106,1,1
1498,Lucias Vypren,106,4,1
1499,Elyn Norridge,298,0,1
1500,Erena Glover,68,0,1
1501,Gawen Glover,68,0,1
1502,Ethan Glover,68,0,0
1503,Robett Glover,68,0,1
1504,Galbart Glover,68,106,1
1505,Grazdan mo Eraz,212,0,1
1506,Igon Vyrwel,226,0,1
1507,Jeyne Beesbury,56,0,1
1508,Bertram Beesbury,56,1,1
1509,Hugh Beesbury,56,1,1
1510,Humfrey Beesbury,56,1,0
1511,Lyman Beesbury,56,45,0
1512,Warryn Beesbury,56,224,1
1513,Jeyne Darry,60,0,1
1514,Mariya Darry,60,0,1
1515,Jonothor Darry,60,1,0
1516,Willem Darry,60,1,0
1517,Lyman Darry,60,217,0
1518,Raymun Darry,60,207,0
1519,Jeyne Goodbrook,85,0,1
1520,Walder Goodbrook,85,0,1
1521,Garse Goodbrook,85,1,1
1522,Lymond Goodbrook,85,4,1
1523,Jeyne Lydden,136,0,1
1524,Lewys Lydden,136,234,1
1525,Jon Myre,308,0,1
1526,Jorelle Mormont,37,0,1
1527,Lyanna Mormont,37,0,1
1528,Lyra Mormont,37,0,1
1529,Alysane Mormont,37,0,1
1530,Dacey Mormont,37,0,0
1531,Jorah Mormont,37,1,1
1532,Maege Mormont,37,252,1
1533,Jeor Mormont,37,187,0
1534,Jyana,103,0,1
1535,Meera Reed,103,0,1
1536,Jojen Reed,103,0,1
1537,Howland Reed,103,176,1
1538,Leona Woolfield,198,0,1
1539,Leonella Lefford,98,0,1
1540,Lorimer,98,1,0
1541,Alysanne Lefford,98,74,1
1542,Leo Lefford,98,74,0
1543,Marianne Vance,90,0,1
1544,Patrek Vance,90,0,1
1545,Walder Vance,90,0,1
1546,Dafyn Vance,90,1,1
1547,Melara Crane,64,0,1
1548,Meredyth Crane,64,0,1
1549,Rycherd Crane,64,1,1
1550,Vortimer Crane,64,1,1
1551,Parmen Crane,64,1,1
1552,Mylenda Caron,72,0,1
1553,Rolland Storm,72,1,1
1554,Bryen Caron,72,114,0
1555,Bryce Caron,72,48,0
1556,Pearse Caron,72,48,1
1557,Myria Jordayne,196,0,1
1558,Trebor Jordayne,196,97,1
1559,Noho Dimittis,183,0,1
1560,Tycho Nestoris,183,0,1
1561,Orland of Oldtown,95,0,1
1562,Moon Boy,95,0,1
1563,Tallad,95,1,1
1564,Myrcella Baratheon,95,7,1
1565,Oswell Kettleblack,82,0,1
1566,Osfryd Kettleblack,82,1,1
1567,Osney Kettleblack,82,1,1
1568,Osmund Kettleblack,82,1,1
1569,Owen Norrey,156,0,0
1570,Brandon Norrey,156,151,1
1571,Rickard Wylde,34,0,1
1572,Tyana Wylde,34,0,1
1573,Willem Wylde,34,1,1
1574,Gladden Wylde,34,1,0
1575,Ormund Wylde,34,1,1
1576,Gawen Wylde,34,1,0
1577,Jon Wylde,34,1,1
1578,Jasper Wylde,34,145,0
1579,Selwyn Tarth,93,0,1
1580,Endrew Tarth,93,1,0
1581,Goodwin,93,1,1
1582,Roelle,93,9,1
1583,Stannis Seaworth,29,0,1
1584,Steffon Seaworth,29,0,1
1585,Matthos Seaworth,29,0,0
1586,Devan Seaworth,29,0,1
1587,Davos Seaworth,29,1,1
1588,Marya Seaworth,29,8,1
1589,Allard Seaworth,29,251,0
1590,Dale Seaworth,29,80,0
1591,Maric Seaworth,29,88,0
1592,Zhoe Blanetree,285,0,1
1593,Black Balaq,162,0,1
1594,Lysono Maar,162,0,1
1595,Bloodbeard,278,0,1
1596,Cassana Estermont,50,0,0
1597,Aemon Estermont,50,1,1
1598,Alyn Estermont,50,1,1
1599,Andrew Estermont,50,1,1
1600,Lomas Estermont,50,1,1
1601,Eldon Estermont,50,1,1
1602,Eddison Tollett,187,0,1
1603,Uthor Tollett,187,175,1
1604,Ellaria Sand,133,0,1
1605,Ulwyck Uller,133,1,1
1606,Harmen Uller,133,223,1
1607,Lucas Blackwood,71,0,0
1608,Melissa Blackwood,71,0,0
1609,Quentyn Blackwood,71,4,0
1610,Alyssa Blackwood,71,8,0
1611,Tytos Blackwood,71,146,1
1612,Melara Hetherspoon,188,0,0
1613,Tybolt Hetherspoon,188,1,1
1614,Melisandre,113,0,1
1615,Ezzelyno,113,153,1
1616,Moqorro,113,127,1
1617,Podrick Payne,134,0,1
1618,Cedric Payne,134,1,0
1619,Ilyn Payne,134,1,1
1620,Oznak zo Pahl,192,0,0
1621,Kezmya,192,13,1
1622,Danny Flint,169,0,1
1623,Rodrik Flint,169,10,1
1624,Dick Crabb,61,0,0
1625,Rupert Crabb,61,1,1
1626,Clarence Crabb,61,1,1
1627,Clarence Crabb (Short),61,1,1
1628,Clement Crabb,61,1,1
1629,Falia Flowers,126,0,1
1630,Glendon Hewett,126,1,1
1631,Humfrey Hewett,126,89,1
1632,Falyse Stokeworth,53,0,0
1633,Tyrion Tanner,53,0,1
1634,Bronn,53,1,1
1635,Tanda Stokeworth,53,62,0
1636,Lollys Stokeworth,53,62,1
1637,Falena Stokeworth,53,23,0
1638,Grey Worm,143,0,1
1639,Stalwart Shield,143,0,0
1640,Jeyne Poole,151,0,1
1641,Vayon Poole,151,6,0
1642,Nettles,97,0,0
1643,Ulf the White,97,1,0
1644,Hugh Hammer,97,1,0
1645,Gerardys,97,14,0
1646,Notch,275,0,1
1647,Skahaz mo Kandaq,214,0,1
1648,Theo Wull,173,0,0
1649,Hugo Wull,173,188,1
1650,Simon Toyne,189,0,0
1651,Terrence Toyne,189,1,0
1652,Josmyn Peckledon,311,0,1
1653,Ygritte,237,0,0
1654,Kraznys mo Nakloz,160,0,0
1655,Grazdan mo Ullhor,160,51,0
1656,Taena of Myr,153,0,1
1657,Orton Merryweather,153,238,1
1658,Xaro Xhoan Daxos,221,0,1
1659,Laena Velaryon,20,0,0
1660,Laenor Velaryon,20,1,0
1661,Qarl Correy,20,1,1
1662,Vaemond Velaryon,20,1,0
1663,Addam Velaryon,20,1,0
1664,Alyn Velaryon,20,25,0
1665,Monterys Velaryon,20,25,1
1666,Monford Velaryon,20,25,0
1667,Corlys Velaryon,20,25,0
1668,Valaena Velaryon,20,182,1
1669,Aurane Waters,20,105,1
1670,Coldhands,239,0,1
1671,Willis Wode,217,1,1
1672,Willis Fell,170,1,1
1673,Harwood Fell,170,161,0
1674,Raymond Nayland,158,1,1
1675,Lucas Nayland,158,1,1
1676,Richard Farrow,266,1,0
1677,Richard Lonmouth,137,1,1
1678,Joffrey Lonmouth,137,1,0
1679,Robb Reyne,315,1,1
1680,Rolland Darklyn,102,1,1
1681,Steffon Darklyn,102,1,0
1682,Denys Darklyn,102,32,1
1683,Serala,102,32,1
1684,Samwell Spicer,129,1,1
1685,Rolph Spicer,129,1,1
1686,Sybell Spicer,129,63,1
1687,Simon Leygood,322,1,1
1688,Steffon Fossoway,83,1,1
1689,Bryan Fossoway,83,1,0
1690,Edwyd Fossoway,83,1,0
1691,Tanton Fossoway,83,1,1
1692,Tommard Heddle,190,1,0
1693,Jon Heddle,190,1,1
1694,Tristimun,218,1,1
1695,Alyn Hunt,141,1,1
1696,Hyle Hunt,141,1,1
1697,Andrey Dalt,177,1,1
1698,Deziel Dalt,177,22,1
1699,Andrey Charlton,180,1,0
1700,Clarence Charlton,180,1,1
1701,Argrave the Defiant,122,1,1
1702,Cosgrove,122,75,1
1703,Ambrose Butterwell,122,85,0
1704,Arron Qorgyle,84,1,1
1705,Gulian Qorgyle,84,1,1
1706,Lord Commander Qorgyle,84,10,0
1707,Quentyn Qorgyle,84,122,1
1708,Ben Bushy,294,1,0
1709,Buford Bulwer,121,1,1
1710,Alysanne Bulwer,121,76,1
1711,Jon Bulwer,121,76,1
1712,Cleyton Caswell,76,1,1
1713,Armond Caswell,76,40,1
1714,Lord Caswell,76,40,1
1715,Joffrey Caswell,76,40,0
1716,Orbert Caswell,76,10,0
1717,Clifford Conklyn,253,1,1
1718,Courtenay Greenhill,329,1,1
1719,Dennis Plumm,41,1,1
1720,Harwyn Plumm,41,1,1
1721,Maynard Plumm,41,1,1
1722,Peter Plumm,41,1,1
1723,Ossifer Plumm,41,4,0
1724,Philip Plumm,41,4,1
1725,Viserys Plumm,41,4,0
1726,Eden Risley,317,1,1
1727,Grance Morrigen,120,1,1
1728,Guyard Morrigen,120,1,0
1729,Lester Morrigen,120,216,1
1730,Gwayne Corbray,101,1,1
1731,Lucas Corbray,101,1,1
1732,Lyn Corbray,101,1,1
1733,Lyonel Corbray,101,183,1
1734,Gwayne Gaunt,323,1,1
1735,Gyles,69,1,1
1736,Orivel,69,1,1
1737,Donnel of Duskendale,69,1,1
1738,Robert Flowers,69,1,1
1739,Serwyn of the Mirror Shield,69,1,1
1740,Harlan Grandison,328,1,0
1741,Harry Sawyer,244,1,1
1742,Herbert Bolling,288,1,1
1743,Humfrey Clifton,182,1,1
1744,Gareth Clifton,182,1,1
1745,Jon Cupps,255,1,1
1746,Jon Penrose,104,1,1
1747,Cortnay Penrose,104,1,0
1748,Aelinor Penrose,104,58,1
1749,Lorent Lorch,140,1,1
1750,Amory Lorch,140,1,0
1751,Lucamore Strong,86,1,1
1752,Harwin Strong,86,1,0
1753,Lyonel Strong,86,23,0
1754,Larys Strong,86,35,0
1755,Lyonel Bentley,220,1,0
1756,Manfred Dondarrion,258,1,1
1757,Manfryd Yew,215,1,1
1758,Michael Mertyns,303,1,1
1759,Mortimer Boggs,287,1,1
1760,Owen Inchfield,193,1,1
1761,Lucas Inchfield,193,1,0
1762,Aladale Wynch,165,1,0
1763,Waldon Wynch,165,225,1
1764,Alyn Stackspear,110,1,1
1765,Steffon Stackspear,110,1,1
1766,Selmond Stackspear,110,4,1
1767,Balman Byrch,284,1,0
1768,Benedict Broom,291,1,1
1769,Bennard Brune,185,1,1
1770,Lothor Brune,185,1,1
1771,Damon Shett,205,1,1
1772,Donnel Locke,125,1,0
1773,Ondrew Locke,125,228,1
1774,Sybelle Glover,125,184,1
1775,Elder Brother,10,1,1
1776,Eglantine,10,9,1
1777,Aglantine,10,9,1
1778,Moelle,10,9,1
1779,Scolera,10,9,1
1780,Unella,10,9,1
1781,Eustace (Braavos),10,5,1
1782,Eustace (Dance of the Dragons),10,5,1
1783,Osmynd,10,5,1
1784,Barth,10,5,0
1785,Luceon Frey,10,5,1
1786,Murmison,10,5,0
1787,Ollidor,10,5,1
1788,Raynard,10,5,1
1789,Torbert,10,5,1
1790,Meribald,10,5,1
1791,High Sparrow,10,209,1
1792,Eustace Hunter,100,1,1
1793,Gilwood Hunter,100,1,1
1794,Harlan Hunter,100,1,1
1795,Eon Hunter,100,260,0
1796,Forley Prester,150,1,1
1797,Garrison Prester,150,160,1
1798,Gerald Gower,326,1,1
1799,Hubard Rambton,314,1,0
1800,Humfrey Wagstaff,230,1,1
1801,Jon Bettley,272,1,1
1802,Kennos of Kayce,157,1,1
1803,Terrence Kenning,157,244,1
1804,Lambert Turnberry,238,1,1
1805,Leo Blackbar,283,1,1
1806,Lymond Vikary,222,1,1
1807,Lyonel Selmy,163,1,1
1808,Barristan Selmy,163,1,1
1809,Marwyn Belmore,167,1,1
1810,Benedar Belmore,167,119,1
1811,Melwyn Sarsfield,245,1,1
1812,Ottyn Wythers,174,1,0
1813,Willam Wythers,174,1,1
1814,Philip Foote,268,1,1
1815,Quentyn Ball,280,1,0
1816,Raynard Ruttiger,319,1,1
1817,Rickard Thorne,138,1,0
1818,Alliser Thorne,138,1,1
1819,Roger Hogg,342,1,1
1820,Rufus Leek,336,1,1
1821,Ryon Allyrion,114,1,1
1822,Daemon Sand,114,1,1
1823,Delonne Allyrion,114,166,1
1824,Simon Staunton,135,1,1
1825,Sefton Staunton,135,5,1
1826,Lord Staunton,135,116,0
1827,Symon Santagar,115,1,1
1828,Aron Santagar,115,1,0
1829,Sylva Santagar,115,174,1
1830,Symond Templeton,206,1,1
1831,Theodan Wells,171,1,1
1832,Willam Wells,171,1,0
1833,Triston of Tally Hill,161,1,1
1834,Guncer Sunglass,161,118,0
1835,Boros Blount,286,1,1
1836,Clayton Suggs,224,1,1
1837,Gerris Drinkwater,259,1,1
1838,Harras Harlaw,334,1,1
1839,Kyle Condon,252,1,1
1840,Lancel Lannister,345,1,1
1841,Mandon Moore,305,1,0
1842,Meryn Trant,200,1,1
1843,Preston Greenfield,184,1,0
1844,Garth Greenfield,184,22,1
1845,Archibald Yronwood,99,1,1
1846,Cletus Yronwood,99,1,0
1847,Ormond Yronwood,99,64,1
1848,Anders Yronwood,99,64,1
1849,Bonifer Hasty,338,1,1
1850,Criston Cole,251,1,0
1851,Emmon Cuy,178,1,0
1852,Branston Cuy,178,231,1
1853,Garlan Tyrell,228,1,1
1854,Gerold Dayne,256,1,1
1855,Jacelyn Bywater,271,1,0
1856,Justin Massey,301,1,1
1857,Mark Mullendore,159,1,1
1858,Martyn Mullendore,159,139,1
1859,Robyn Rhysling,316,1,1
1860,Robin Potter,313,1,1
1861,Richard Horpe,343,1,1
1862,Vardis Egen,261,1,0
1863,Desmond Grell,330,1,1
1864,Gendry,199,1,1
1865,Rossart,45,24,0
1866,Belis,45,18,1
1867,Garigus,45,18,1
1868,Malliard,45,18,1
1869,Munciter,45,18,1
1870,Pollitor,45,18,1
1871,Hallyne,45,99,1
1872,Gyldayn,240,3,1
1873,Walgrave,216,3,1
1874,Gormon Tyrell,276,2,1
1875,Steffon Varner,219,4,1
1876,Lord Cafferen,270,4,0
1877,Lucifer Hardy,333,4,1
1878,Alyn Cockshaw,249,4,0
1879,Antario Jast,344,4,1
1880,Lothar Mallery,300,4,0
1881,Lucos Chyttering,248,4,1
1882,Robin Moreland,306,4,1
1883,Darla Deddings,257,8,1
1884,Alyce Graceford,327,8,1
1885,Bethany Rosby,148,8,0
1886,Gyles Rosby,148,44,0
1887,Leonette Fossoway,295,8,1
1888,Reznak mo Reznak,242,46,1
1889,Cohollo,211,16,0
1890,Hallis Mollen,304,6,1
1891,Utherydes Wayn,231,75,1
1892,Azzak,213,13,1
1893,Mezzara,207,13,1
1894,Alesander Staedmon,203,193,1
1895,Ardrian Celtigar,269,201,1
1896,Boremund Harlaw,335,179,1
1897,Cley Cerwyn,179,61,0
1898,Medger Cerwyn,179,61,0
1899,Daeron Vaith,175,154,1
1900,Cassella Vaith,175,124,1
1901,Renfred Rykker,320,32,1
1902,Duram Bar Emmon,282,132,1
1903,Ermesande Hayford,340,180,1
1904,Eustace Brune,292,181,1
1905,Franklyn Fowler,296,131,1
1906,Godric Borrell,290,115,1
1907,Gormon Peake,154,27,0
1908,Titus Peake,154,27,1
1909,Guthor Grimm,331,220,1
1910,Lord Commander Hoare,341,10,1
1911,Tristan Mudd,307,10,1
1912,Hotho Harlaw,337,148,1
1913,Lyessa Flint,168,90,1
1914,Robin Flint,168,219,0
1915,Lymond Lychester,299,199,1
1916,Doran Martell,309,54,1
1917,Maron Volmark,225,113,1
1918,Meldred Merlyn,302,229,1
1919,Moribald Chester,247,173,1
1920,Norne Goodbrother,325,91,1
1921,Nymella Toland,201,165,1
1922,Qarlton Chelsted,246,44,0
1923,Quenten Banefort,281,186,1
1924,Quincy Cox,254,129,1
1925,Regenard Estren,264,84,1
1926,Rennifer Longwaters,321,200,1
1927,Rolland Longthorpe,243,261,1
1928,Royce Coldwater,250,203,1
1929,Sebaston Farman,265,159,1
1930,Sigfryd Harlaw,324,107,1
1931,Torren Liddle,310,135,1
1932,Tremond Gargalen,297,120,1
1933,Triston Farwynd,267,125,1
1934,Triston Sunderland,223,150,1
1935,Jalabhar Xho,202,147,1
1936,Othell Yarwyck,204,162,1
1937,Pyat Pree,241,86,1
1938,Ralf Stonehouse,236,152,1
1939,Ramsay Snow,289,210,1
1940,Styr,233,103,0
1941,Willam Dustin,260,66,0
1942,Galazza Galare,279,172,1
1943,Harry Strickland,229,196,1
1944,Shyra Errol,263,208,1
1945,Joyeuse Erenford,262,98,1
